<?xml version="1.0" encoding="UTF-8"?><tns0:Envelope xmlns:tns0="http://schemas.xmlsoap.org/soap/envelope/" xmlns:tns1="http://WssSale.miwssoap.broker.mqst.ibm.com" 
xmlns:wsa="http://www.w3.org/2005/08/addressing"><tns0:Header>
    <wsa:Action>SummerSale</wsa:Action>
    <wsa:MessageID>
    uuid:515704D6-0111-4000-E000-82267F000001</wsa:MessageID>
  </tns0:Header><tns0:Body><tns1:SaleRequest><SaleEnvelope><Header><SaleListCount>1</SaleListCount></Header><SaleList><Invoice><Surname>Bobbin</Surname><Balance>00.30</Balance></Invoice></SaleList><Trailer><CompletionTime>12.00.00</CompletionTime></Trailer></SaleEnvelope></tns1:SaleRequest></tns0:Body></tns0:Envelope>