<Parent><First>20</First><SaleList><Invoice><Initial>K</Initial><Initial>A</Initial><Surname>Braithwaite</Surname><Item><Code>00</Code><Code>01</Code><Code>02</Code><Description>Twister</Description><Category>Games</Category><Price>00.30</Price><Quantity>01</Quantity></Item><Item><Code>02</Code><Code>03</Code><Code>01</Code><Description>The Times Newspaper</Description><Category>Books and Media</Category><Price>00.20</Price><Quantity>01</Quantity></Item><Balance>00.50</Balance><Currency>Sterling</Currency></Invoice><Invoice><Initial>T</Initial><Initial>J</Initial><Surname>Dunnwin</Surname><Item><Code>04</Code><Code>05</Code><Code>01</Code><Description>The Origin of Species</Description><Category>Books and Media</Category><Price>22.34</Price><Quantity>02</Quantity></Item><Item><Code>06</Code><Code>07</Code><Code>01</Code><Description>Microscope</Description><Category>Miscellaneous</Category><Price>36.20</Price><Quantity>01</Quantity></Item><Balance>81.84</Balance><Currency>Euros</Currency></Invoice></SaleList><SaleList><Invoice><Initial>f</Initial><Initial>v</Initial><Surname>tMumIHjiIGi</Surname><Item><Code>00</Code><Code>03</Code><Code>01</Code><Description>EJwEepE</Description><Category>vpvnx</Category><Price>40.42</Price><Quantity>01</Quantity></Item><Item><Code>02</Code><Code>02</Code><Code>03</Code><Description>OcWHnkAolTLPBJenEEX</Description><Category>AfvDIYgjESThiuM</Category><Price>74.55</Price><Quantity>05</Quantity></Item><Balance>24.10</Balance><Currency>Sterling</Currency></Invoice><Invoice><Initial>Q</Initial><Initial>r</Initial><Surname>CCucLnd</Surname><Item><Code>05</Code><Code>05</Code><Code>01</Code><Description>UyPECEXtMlQYmtYcmbTsL</Description><Category>ldHHSUpjJKlucsU</Category><Price>35.55</Price><Quantity>02</Quantity></Item><Item><Code>04</Code><Code>04</Code><Code>05</Code><Description>VLvecKqAeL</Description><Category>QYHoCWwdxEBeY</Category><Price>31.71</Price><Quantity>04</Quantity></Item><Balance>60.15</Balance><Currency>Euros</Currency></Invoice></SaleList><SaleList><Invoice><Initial>w</Initial><Initial>t</Initial><Surname>cWyrsqaOgJe</Surname><Item><Code>00</Code><Code>07</Code><Code>05</Code><Description>VsXJCRc</Description><Category>GhEfN</Category><Price>27.43</Price><Quantity>01</Quantity></Item><Item><Code>04</Code><Code>05</Code><Code>03</Code><Description>SjEtfNiFKFypmTtiQyp</Description><Category>fhfXjliJWeORVEr</Category><Price>26.07</Price><Quantity>02</Quantity></Item><Balance>66.04</Balance><Currency>Sterling</Currency></Invoice><Invoice><Initial>H</Initial><Initial>F</Initial><Surname>sMrNfMK</Surname><Item><Code>05</Code><Code>04</Code><Code>00</Code><Description>EakFwBaYHbUkdbfRQCjQJ</Description><Category>JZOgOMGOeJaWvUa</Category><Price>57.05</Price><Quantity>06</Quantity></Item><Item><Code>01</Code><Code>02</Code><Code>05</Code><Description>EMlHdruAgK</Description><Category>pcgplAWxVjTOA</Category><Price>71.32</Price><Quantity>04</Quantity></Item><Balance>33.26</Balance><Currency>Euros</Currency></Invoice></SaleList><SaleList><Invoice><Initial>b</Initial><Initial>x</Initial><Surname>QByCSoQvqUF</Surname><Item><Code>02</Code><Code>07</Code><Code>05</Code><Description>XoWLKxg</Description><Category>GjwuI</Category><Price>36.12</Price><Quantity>02</Quantity></Item><Item><Code>07</Code><Code>06</Code><Code>00</Code><Description>iZhELhtwxWYTKepdtSV</Description><Category>HBcrbKtmMlCBxWG</Category><Price>24.31</Price><Quantity>06</Quantity></Item><Balance>06.40</Balance><Currency>Sterling</Currency></Invoice><Invoice><Initial>U</Initial><Initial>m</Initial><Surname>ZdvBuNR</Surname><Item><Code>03</Code><Code>06</Code><Code>05</Code><Description>ZdIWKedHWjtnRUvlVoRIX</Description><Category>PDGPsCESUtQdGNn</Category><Price>05.36</Price><Quantity>06</Quantity></Item><Item><Code>04</Code><Code>05</Code><Code>02</Code><Description>cWjPZrSNZM</Description><Category>YQYROhETVBHBp</Category><Price>16.60</Price><Quantity>00</Quantity></Item><Balance>25.52</Balance><Currency>Euros</Currency></Invoice></SaleList><SaleList><Invoice><Initial>n</Initial><Initial>K</Initial><Surname>vZaaNgmDUSy</Surname><Item><Code>00</Code><Code>00</Code><Code>05</Code><Description>kDcaQJW</Description><Category>osIML</Category><Price>75.55</Price><Quantity>06</Quantity></Item><Item><Code>03</Code><Code>04</Code><Code>06</Code><Description>axkcnZAtJIGijPCuAEq</Description><Category>xwBfOKUAfsGIsND</Category><Price>31.22</Price><Quantity>00</Quantity></Item><Balance>71.57</Balance><Currency>Sterling</Currency></Invoice><Invoice><Initial>L</Initial><Initial>o</Initial><Surname>FFluwll</Surname><Item><Code>07</Code><Code>06</Code><Code>00</Code><Description>VpieDMPfDSQGcdeqBtxyk</Description><Category>CgbuYcrGJBOPyqe</Category><Price>65.14</Price><Quantity>07</Quantity></Item><Item><Code>01</Code><Code>07</Code><Code>04</Code><Description>gpVFvyUGXl</Description><Category>KgnAWACCXIxpu</Category><Price>16.71</Price><Quantity>07</Quantity></Item><Balance>56.44</Balance><Currency>Euros</Currency></Invoice></SaleList><SaleList><Invoice><Initial>O</Initial><Initial>j</Initial><Surname>HKvwmvhZOLC</Surname><Item><Code>03</Code><Code>05</Code><Code>07</Code><Description>PTyUuHf</Description><Category>dYbwZ</Category><Price>42.67</Price><Quantity>02</Quantity></Item><Item><Code>01</Code><Code>01</Code><Code>00</Code><Description>kAcGWIZjsmMfhLgDxgN</Description><Category>wcpCOUKsZQWJuQK</Category><Price>73.67</Price><Quantity>05</Quantity></Item><Balance>76.33</Balance><Currency>Sterling</Currency></Invoice><Invoice><Initial>p</Initial><Initial>k</Initial><Surname>xgrXhsf</Surname><Item><Code>03</Code><Code>04</Code><Code>03</Code><Description>AdFVKxyvpOQsiqKfSroUW</Description><Category>ALOvBXDphyyqlMw</Category><Price>75.42</Price><Quantity>01</Quantity></Item><Item><Code>03</Code><Code>07</Code><Code>05</Code><Description>fKkcwQGvWA</Description><Category>tHBoyKsSPBZti</Category><Price>45.72</Price><Quantity>03</Quantity></Item><Balance>00.44</Balance><Currency>Euros</Currency></Invoice></SaleList><SaleList><Invoice><Initial>E</Initial><Initial>l</Initial><Surname>XkKyPWoCKrT</Surname><Item><Code>01</Code><Code>00</Code><Code>01</Code><Description>IpLpNcL</Description><Category>vQCag</Category><Price>67.02</Price><Quantity>07</Quantity></Item><Item><Code>00</Code><Code>05</Code><Code>03</Code><Description>GCDBYUeMpNDlCGhsvda</Description><Category>dxHmKeJhSHoCVPD</Category><Price>73.41</Price><Quantity>06</Quantity></Item><Balance>24.13</Balance><Currency>Sterling</Currency></Invoice><Invoice><Initial>C</Initial><Initial>v</Initial><Surname>PoqpNva</Surname><Item><Code>05</Code><Code>03</Code><Code>07</Code><Description>kAJuqbSPNoBGBBcyGdkUD</Description><Category>NOGYmPhYVoPtFwR</Category><Price>41.14</Price><Quantity>07</Quantity></Item><Item><Code>01</Code><Code>02</Code><Code>06</Code><Description>tCVRCHxgVb</Description><Category>sVnHogsUONecn</Category><Price>26.73</Price><Quantity>02</Quantity></Item><Balance>25.65</Balance><Currency>Euros</Currency></Invoice></SaleList><SaleList><Invoice><Initial>l</Initial><Initial>k</Initial><Surname>jaaKYuQLpkq</Surname><Item><Code>07</Code><Code>01</Code><Code>04</Code><Description>jkkctbU</Description><Category>jlqTL</Category><Price>60.54</Price><Quantity>07</Quantity></Item><Item><Code>01</Code><Code>01</Code><Code>03</Code><Description>FKJhjsmSuYbFhbpLumw</Description><Category>YFBGKbQWkWeZFdF</Category><Price>30.00</Price><Quantity>01</Quantity></Item><Balance>73.60</Balance><Currency>Sterling</Currency></Invoice><Invoice><Initial>V</Initial><Initial>F</Initial><Surname>DLcBUyN</Surname><Item><Code>02</Code><Code>04</Code><Code>05</Code><Description>bIQLTAMQHtVvMmUkSBaUf</Description><Category>DcaHkPWVParmPRV</Category><Price>47.21</Price><Quantity>01</Quantity></Item><Item><Code>00</Code><Code>01</Code><Code>06</Code><Description>taYcnSapeJ</Description><Category>MIrgkjHtDdinI</Category><Price>67.21</Price><Quantity>02</Quantity></Item><Balance>22.76</Balance><Currency>Euros</Currency></Invoice></SaleList><SaleList><Invoice><Initial>g</Initial><Initial>v</Initial><Surname>yAgTVoxnWZq</Surname><Item><Code>04</Code><Code>03</Code><Code>03</Code><Description>UTUZTaG</Description><Category>oEcxQ</Category><Price>51.55</Price><Quantity>06</Quantity></Item><Item><Code>01</Code><Code>04</Code><Code>02</Code><Description>kFROIpWpabyywojOMjF</Description><Category>sQJJMAyOsaGDUyl</Category><Price>74.37</Price><Quantity>05</Quantity></Item><Balance>24.40</Balance><Currency>Sterling</Currency></Invoice><Invoice><Initial>n</Initial><Initial>O</Initial><Surname>oKWvdZF</Surname><Item><Code>05</Code><Code>00</Code><Code>01</Code><Description>MDckJlLGTmhPdiVUAEDKq</Description><Category>lkJVSeMALqMSykk</Category><Price>60.54</Price><Quantity>00</Quantity></Item><Item><Code>04</Code><Code>02</Code><Code>01</Code><Description>PkMIxNSQbT</Description><Category>cxbnSoTVnwcLX</Category><Price>41.11</Price><Quantity>01</Quantity></Item><Balance>33.46</Balance><Currency>Euros</Currency></Invoice></SaleList><SaleList><Invoice><Initial>S</Initial><Initial>F</Initial><Surname>wSDhDukEusD</Surname><Item><Code>05</Code><Code>04</Code><Code>01</Code><Description>cnojjVy</Description><Category>qeIUu</Category><Price>72.07</Price><Quantity>05</Quantity></Item><Item><Code>01</Code><Code>06</Code><Code>03</Code><Description>FFvxabGNJpNoIaYyZee</Description><Category>xKFQaOfpsoBqBol</Category><Price>60.41</Price><Quantity>00</Quantity></Item><Balance>47.23</Balance><Currency>Sterling</Currency></Invoice><Invoice><Initial>r</Initial><Initial>P</Initial><Surname>gDThxom</Surname><Item><Code>07</Code><Code>06</Code><Code>05</Code><Description>xCJAUQcXclwtPuEaELSJs</Description><Category>YvXTlFIauxFKevw</Category><Price>74.37</Price><Quantity>05</Quantity></Item><Item><Code>03</Code><Code>03</Code><Code>02</Code><Description>NvVcVBmCxc</Description><Category>xLgKqcGqsZKOG</Category><Price>01.71</Price><Quantity>01</Quantity></Item><Balance>73.02</Balance><Currency>Euros</Currency></Invoice></SaleList><SaleList><Invoice><Initial>D</Initial><Initial>X</Initial><Surname>tJBERaprEck</Surname><Item><Code>03</Code><Code>01</Code><Code>07</Code><Description>AjljxPQ</Description><Category>ypltn</Category><Price>77.14</Price><Quantity>03</Quantity></Item><Item><Code>05</Code><Code>00</Code><Code>07</Code><Description>TDONdDUQQmiMEwYDarR</Description><Category>XeHkpWQRpbRMHEe</Category><Price>01.72</Price><Quantity>06</Quantity></Item><Balance>00.26</Balance><Currency>Sterling</Currency></Invoice><Invoice><Initial>u</Initial><Initial>q</Initial><Surname>VrjvvOW</Surname><Item><Code>00</Code><Code>00</Code><Code>03</Code><Description>JFfMmFUfeiIYILGFtoOiP</Description><Category>MSSPQZcxMiaVjtA</Category><Price>33.20</Price><Quantity>07</Quantity></Item><Item><Code>06</Code><Code>01</Code><Code>03</Code><Description>XHUgkHeUys</Description><Category>VPMoWpQhhXgvH</Category><Price>00.27</Price><Quantity>01</Quantity></Item><Balance>10.73</Balance><Currency>Euros</Currency></Invoice></SaleList><SaleList><Invoice><Initial>T</Initial><Initial>A</Initial><Surname>ajyuJbknimc</Surname><Item><Code>04</Code><Code>04</Code><Code>00</Code><Description>rTASjfM</Description><Category>unDfd</Category><Price>22.57</Price><Quantity>03</Quantity></Item><Item><Code>05</Code><Code>01</Code><Code>02</Code><Description>svtrQbcbukTUHyJGCfv</Description><Category>eJcuUwxYmEXbSIB</Category><Price>33.72</Price><Quantity>07</Quantity></Item><Balance>25.45</Balance><Currency>Sterling</Currency></Invoice><Invoice><Initial>Y</Initial><Initial>t</Initial><Surname>hCZqluQ</Surname><Item><Code>07</Code><Code>01</Code><Code>07</Code><Description>jExWJNQGTRDWffiIbrRlC</Description><Category>wBqvqsncgqIOfCY</Category><Price>47.57</Price><Quantity>05</Quantity></Item><Item><Code>03</Code><Code>07</Code><Code>03</Code><Description>BquqRDQEJR</Description><Category>PJjZxyETAZmBx</Category><Price>35.04</Price><Quantity>02</Quantity></Item><Balance>53.57</Balance><Currency>Euros</Currency></Invoice></SaleList><SaleList><Invoice><Initial>f</Initial><Initial>C</Initial><Surname>jDlhryMLKLs</Surname><Item><Code>07</Code><Code>07</Code><Code>07</Code><Description>wKiKXXf</Description><Category>BdwNC</Category><Price>73.11</Price><Quantity>04</Quantity></Item><Item><Code>07</Code><Code>02</Code><Code>03</Code><Description>ZcNgsxASNsqCYRRAcjp</Description><Category>wUCxOZpSbOSYhGV</Category><Price>71.70</Price><Quantity>03</Quantity></Item><Balance>43.54</Balance><Currency>Sterling</Currency></Invoice><Invoice><Initial>T</Initial><Initial>Q</Initial><Surname>JCBAJYm</Surname><Item><Code>06</Code><Code>07</Code><Code>01</Code><Description>fkISEfMdKyaNcoCxxwfOG</Description><Category>RQVlYCbucLEBuuK</Category><Price>74.53</Price><Quantity>05</Quantity></Item><Item><Code>01</Code><Code>06</Code><Code>05</Code><Description>mnqPTqLyOl</Description><Category>WaDZCwnsuJvGG</Category><Price>70.31</Price><Quantity>03</Quantity></Item><Balance>34.66</Balance><Currency>Euros</Currency></Invoice></SaleList><SaleList><Invoice><Initial>d</Initial><Initial>i</Initial><Surname>RstCupowVAR</Surname><Item><Code>02</Code><Code>04</Code><Code>05</Code><Description>iEwhFMa</Description><Category>qSssT</Category><Price>56.67</Price><Quantity>06</Quantity></Item><Item><Code>04</Code><Code>05</Code><Code>04</Code><Description>yTmtYlNCQCnnmvdJnrW</Description><Category>tekdqbSnhwoFvdQ</Category><Price>33.01</Price><Quantity>01</Quantity></Item><Balance>20.32</Balance><Currency>Sterling</Currency></Invoice><Invoice><Initial>O</Initial><Initial>G</Initial><Surname>RGAcTtQ</Surname><Item><Code>03</Code><Code>01</Code><Code>00</Code><Description>mQYJfjuDryJPaQUbJMMfO</Description><Category>neEqWBeTefDemIP</Category><Price>23.61</Price><Quantity>06</Quantity></Item><Item><Code>07</Code><Code>00</Code><Code>02</Code><Description>aiImNjljtg</Description><Category>KGwtnsPXqpVAK</Category><Price>74.46</Price><Quantity>00</Quantity></Item><Balance>74.62</Balance><Currency>Euros</Currency></Invoice></SaleList><SaleList><Invoice><Initial>f</Initial><Initial>e</Initial><Surname>ObupHOMZxDI</Surname><Item><Code>05</Code><Code>02</Code><Code>05</Code><Description>SZpZofI</Description><Category>mpOGi</Category><Price>62.02</Price><Quantity>01</Quantity></Item><Item><Code>04</Code><Code>07</Code><Code>05</Code><Description>wSWkbEBrpINksBqaodV</Description><Category>ospgFVMIdUgVGmZ</Category><Price>20.70</Price><Quantity>05</Quantity></Item><Balance>56.67</Balance><Currency>Sterling</Currency></Invoice><Invoice><Initial>M</Initial><Initial>I</Initial><Surname>NZTCMEx</Surname><Item><Code>03</Code><Code>01</Code><Code>02</Code><Description>aYiXdmKeBJpWsnsikVtPM</Description><Category>fRfpkTEmLaaOIRs</Category><Price>54.23</Price><Quantity>05</Quantity></Item><Item><Code>05</Code><Code>02</Code><Code>07</Code><Description>dLBtYkjSPg</Description><Category>PRhZKGQEcmuGV</Category><Price>15.26</Price><Quantity>00</Quantity></Item><Balance>31.20</Balance><Currency>Euros</Currency></Invoice></SaleList><SaleList><Invoice><Initial>G</Initial><Initial>g</Initial><Surname>qcdEGmlhFEu</Surname><Item><Code>04</Code><Code>02</Code><Code>05</Code><Description>XpHtDfX</Description><Category>wWWmM</Category><Price>72.44</Price><Quantity>01</Quantity></Item><Item><Code>02</Code><Code>04</Code><Code>01</Code><Description>kdXtWHdbmnfAiMAFfUX</Description><Category>YyTtirsYJAhTZqh</Category><Price>20.04</Price><Quantity>04</Quantity></Item><Balance>54.24</Balance><Currency>Sterling</Currency></Invoice><Invoice><Initial>H</Initial><Initial>C</Initial><Surname>Nknamnu</Surname><Item><Code>02</Code><Code>05</Code><Code>07</Code><Description>aJaZNcCQfyVwHjbbmgBCv</Description><Category>TopguZJFAqaIxQg</Category><Price>03.72</Price><Quantity>07</Quantity></Item><Item><Code>03</Code><Code>03</Code><Code>05</Code><Description>CTaMQpNJwF</Description><Category>nkgFytnNYIPUt</Category><Price>24.75</Price><Quantity>03</Quantity></Item><Balance>73.63</Balance><Currency>Euros</Currency></Invoice></SaleList><SaleList><Invoice><Initial>K</Initial><Initial>A</Initial><Surname>Braithwaite</Surname><Item><Code>00</Code><Code>01</Code><Code>02</Code><Description>Twister</Description><Category>Games</Category><Price>00.30</Price><Quantity>01</Quantity></Item><Item><Code>02</Code><Code>03</Code><Code>01</Code><Description>The Times Newspaper</Description><Category>Books and Media</Category><Price>00.20</Price><Quantity>01</Quantity></Item><Balance>00.50</Balance><Currency>Sterling</Currency></Invoice><Invoice><Initial>T</Initial><Initial>J</Initial><Surname>Dunnwin</Surname><Item><Code>04</Code><Code>05</Code><Code>01</Code><Description>The Origin of Species</Description><Category>Books and Media</Category><Price>22.34</Price><Quantity>02</Quantity></Item><Item><Code>06</Code><Code>07</Code><Code>01</Code><Description>Microscope</Description><Category>Miscellaneous</Category><Price>36.20</Price><Quantity>01</Quantity></Item><Balance>81.84</Balance><Currency>Euros</Currency></Invoice></SaleList><SaleList><Invoice><Initial>K</Initial><Initial>A</Initial><Surname>Braithwaite</Surname><Item><Code>00</Code><Code>01</Code><Code>02</Code><Description>Twister</Description><Category>Games</Category><Price>00.30</Price><Quantity>01</Quantity></Item><Item><Code>02</Code><Code>03</Code><Code>01</Code><Description>The Times Newspaper</Description><Category>Books and Media</Category><Price>00.20</Price><Quantity>01</Quantity></Item><Balance>00.50</Balance><Currency>Sterling</Currency></Invoice><Invoice><Initial>T</Initial><Initial>J</Initial><Surname>Dunnwin</Surname><Item><Code>04</Code><Code>05</Code><Code>01</Code><Description>The Origin of Species</Description><Category>Books and Media</Category><Price>22.34</Price><Quantity>02</Quantity></Item><Item><Code>06</Code><Code>07</Code><Code>01</Code><Description>Microscope</Description><Category>Miscellaneous</Category><Price>36.20</Price><Quantity>01</Quantity></Item><Balance>81.84</Balance><Currency>Euros</Currency></Invoice></SaleList><SaleList><Invoice><Initial>K</Initial><Initial>A</Initial><Surname>Braithwaite</Surname><Item><Code>00</Code><Code>01</Code><Code>02</Code><Description>Twister</Description><Category>Games</Category><Price>00.30</Price><Quantity>01</Quantity></Item><Item><Code>02</Code><Code>03</Code><Code>01</Code><Description>The Times Newspaper</Description><Category>Books and Media</Category><Price>00.20</Price><Quantity>01</Quantity></Item><Balance>00.50</Balance><Currency>Sterling</Currency></Invoice><Invoice><Initial>T</Initial><Initial>J</Initial><Surname>Dunnwin</Surname><Item><Code>04</Code><Code>05</Code><Code>01</Code><Description>The Origin of Species</Description><Category>Books and Media</Category><Price>22.34</Price><Quantity>02</Quantity></Item><Item><Code>06</Code><Code>07</Code><Code>01</Code><Description>Microscope</Description><Category>Miscellaneous</Category><Price>36.20</Price><Quantity>01</Quantity></Item><Balance>81.84</Balance><Currency>Euros</Currency></Invoice></SaleList><SaleList><Invoice><Initial>K</Initial><Initial>A</Initial><Surname>Braithwaite</Surname><Item><Code>00</Code><Code>01</Code><Code>02</Code><Description>Twister</Description><Category>Games</Category><Price>00.30</Price><Quantity>01</Quantity></Item><Item><Code>02</Code><Code>03</Code><Code>01</Code><Description>The Times Newspaper</Description><Category>Books and Media</Category><Price>00.20</Price><Quantity>01</Quantity></Item><Balance>00.50</Balance><Currency>Sterling</Currency></Invoice><Invoice><Initial>T</Initial><Initial>J</Initial><Surname>Dunnwin</Surname><Item><Code>04</Code><Code>05</Code><Code>01</Code><Description>The Origin of Species</Description><Category>Books and Media</Category><Price>22.34</Price><Quantity>02</Quantity></Item><Item><Code>06</Code><Code>07</Code><Code>01</Code><Description>Microscope</Description><Category>Miscellaneous</Category><Price>36.20</Price><Quantity>01</Quantity></Item><Balance>81.84</Balance><Currency>Euros</Currency></Invoice></SaleList><Last>Test</Last></Parent>